-- PyLearn Arena Supabase/PostgreSQL schema
-- Source baseline: MySQL export `pylearnarena.sql` from 2026-05-08.
-- This schema intentionally keeps the app's existing integer IDs and custom auth.

create extension if not exists pgcrypto;

create or replace function set_updated_at()
returns trigger as $$
begin
  new.updated_at = now();
  return new;
end;
$$ language plpgsql;

create table if not exists users (
  id integer generated by default as identity primary key,
  username varchar(100) not null unique,
  password varchar(255) not null,
  email varchar(255),
  full_name varchar(255),
  role varchar(50) not null default 'student'
    check (role in ('admin', 'teacher', 'student')),
  avatar varchar(500),
  phone varchar(20),
  status varchar(50) not null default 'active'
    check (status in ('active', 'inactive', 'suspended', 'banned')),
  created_by integer references users(id) on delete set null,
  last_login timestamp,
  created_at timestamp default now(),
  updated_at timestamp default now()
);

create index if not exists idx_users_username on users(username);
create index if not exists idx_users_role on users(role);
create index if not exists idx_users_status on users(status);
create index if not exists idx_users_created_by on users(created_by);

create table if not exists courses (
  id integer generated by default as identity primary key,
  slug varchar(100) not null unique,
  title varchar(255) not null,
  description text,
  thumbnail varchar(500),
  difficulty varchar(50) default 'beginner',
  level varchar(50) default 'beginner',
  total_lessons integer default 0,
  is_published boolean default true,
  status varchar(50) default 'published',
  created_at timestamp default now(),
  updated_at timestamp default now()
);

create index if not exists idx_courses_slug on courses(slug);
create index if not exists idx_courses_published on courses(is_published);

create table if not exists topics (
  id integer generated by default as identity primary key,
  course_id integer not null references courses(id) on delete cascade,
  slug varchar(100) not null,
  title varchar(255) not null,
  description text,
  order_num integer default 0,
  order_index integer generated always as (order_num) stored,
  created_at timestamp default now(),
  updated_at timestamp default now()
);

create index if not exists idx_topics_course on topics(course_id);
create index if not exists idx_topics_order on topics(order_num);

create table if not exists lessons (
  id integer generated by default as identity primary key,
  topic_id integer not null references topics(id) on delete cascade,
  slug varchar(100) not null,
  title varchar(255) not null,
  description text,
  summary text,
  duration_minutes integer default 0,
  difficulty_level varchar(50),
  order_num integer default 0,
  order_index integer generated always as (order_num) stored,
  created_at timestamp default now(),
  updated_at timestamp default now()
);

create index if not exists idx_lessons_topic on lessons(topic_id);
create index if not exists idx_lessons_order on lessons(order_num);

create table if not exists games (
  id integer generated by default as identity primary key,
  lesson_id integer not null references lessons(id) on delete cascade,
  slug varchar(100) not null,
  title varchar(255) not null,
  description text,
  path varchar(500) not null,
  game_path varchar(500) generated always as (path) stored,
  game_type varchar(50) default 'type1',
  is_active boolean default true,
  order_num integer default 0,
  order_index integer generated always as (order_num) stored,
  created_at timestamp default now(),
  updated_at timestamp default now(),
  unique (lesson_id, slug)
);

create index if not exists idx_games_lesson on games(lesson_id);
create index if not exists idx_games_order on games(order_num);
create index if not exists idx_games_path on games(path);
create index if not exists idx_games_game_path on games(game_path);

create table if not exists classes (
  id integer generated by default as identity primary key,
  code varchar(20) not null unique,
  name varchar(255) not null,
  description text,
  teacher_id integer not null references users(id) on delete cascade,
  school_year varchar(20) default '2025-2026',
  grade varchar(20),
  max_students integer default 50,
  status varchar(50) default 'active'
    check (status in ('active', 'archived', 'closed')),
  created_at timestamp default now(),
  updated_at timestamp default now()
);

create index if not exists idx_classes_teacher on classes(teacher_id);
create index if not exists idx_classes_status on classes(status);
create index if not exists idx_classes_code on classes(code);

create table if not exists class_members (
  id integer generated by default as identity primary key,
  class_id integer not null references classes(id) on delete cascade,
  user_id integer not null references users(id) on delete cascade,
  role varchar(50) default 'student'
    check (role in ('student', 'assistant')),
  joined_at timestamp default now(),
  status varchar(50) default 'active'
    check (status in ('active', 'removed', 'left')),
  unique (class_id, user_id)
);

create index if not exists idx_class_members_class on class_members(class_id);
create index if not exists idx_class_members_user on class_members(user_id);
create index if not exists idx_class_members_status on class_members(status);

create table if not exists class_students (
  id integer generated by default as identity primary key,
  class_id integer not null references classes(id) on delete cascade,
  student_id integer not null references users(id) on delete cascade,
  joined_at timestamp default now(),
  status varchar(50) default 'active'
    check (status in ('active', 'removed')),
  unique (class_id, student_id)
);

create table if not exists course_access (
  id integer generated by default as identity primary key,
  class_id integer not null references classes(id) on delete cascade,
  course_id integer not null references courses(id) on delete cascade,
  granted_by integer references users(id) on delete set null,
  is_active boolean default true,
  granted_at timestamp default now(),
  expires_at timestamp,
  unique (class_id, course_id)
);

create index if not exists idx_course_access_class on course_access(class_id);
create index if not exists idx_course_access_course on course_access(course_id);
create index if not exists idx_course_access_active on course_access(is_active);

create table if not exists class_course_settings (
  id integer generated by default as identity primary key,
  class_id integer not null references classes(id) on delete cascade,
  course_id integer not null references courses(id) on delete cascade,
  created_by integer references users(id) on delete set null,
  created_at timestamp default now(),
  updated_at timestamp default now(),
  unique (class_id, course_id)
);

create table if not exists course_content_access (
  id integer generated by default as identity primary key,
  class_id integer not null references classes(id) on delete cascade,
  course_id integer not null references courses(id) on delete cascade,
  content_type varchar(20) not null check (content_type in ('topic', 'lesson')),
  content_id varchar(100) not null,
  is_unlocked boolean default false,
  unlocked_by integer references users(id) on delete set null,
  unlocked_at timestamp,
  created_at timestamp default now(),
  unique (class_id, course_id, content_type, content_id)
);

create index if not exists idx_content_access_class_course on course_content_access(class_id, course_id);
create index if not exists idx_content_access_lookup on course_content_access(class_id, course_id, content_type, content_id);

create table if not exists assignments (
  id integer generated by default as identity primary key,
  class_id integer not null references classes(id) on delete cascade,
  game_id integer references games(id) on delete restrict,
  title varchar(255) not null,
  description text,
  game_ids jsonb,
  created_by integer not null references users(id) on delete cascade,
  start_time timestamp,
  end_time timestamp,
  time_limit integer,
  late_submission boolean default false,
  late_penalty numeric(5,2) default 0,
  max_attempts integer default 1,
  show_ranking boolean default true,
  show_answers_after boolean default false,
  status varchar(50) default 'draft'
    check (status in ('draft', 'published', 'closed')),
  created_at timestamp default now(),
  updated_at timestamp default now()
);

create index if not exists idx_assignments_class on assignments(class_id);
create index if not exists idx_assignments_game on assignments(game_id);
create index if not exists idx_assignments_created_by on assignments(created_by);
create index if not exists idx_assignments_status on assignments(status);
create index if not exists idx_assignments_time on assignments(start_time, end_time);

create table if not exists submissions (
  id integer generated by default as identity primary key,
  assignment_id integer references assignments(id) on delete cascade,
  user_id integer not null references users(id) on delete cascade,
  game_id integer references games(id) on delete cascade,
  code text not null,
  status varchar(50) default 'pending'
    check (status in ('pending', 'running', 'passed', 'failed', 'error', 'completed')),
  score numeric(8,2) default 0,
  passed_tests integer default 0,
  total_tests integer default 0,
  execution_time integer,
  feedback text,
  error_message text,
  is_late boolean default false,
  attempt_number integer default 1,
  ip_address varchar(45),
  user_agent text,
  submitted_at timestamp default now(),
  graded_at timestamp
);

create index if not exists idx_submissions_assignment on submissions(assignment_id);
create index if not exists idx_submissions_user on submissions(user_id);
create index if not exists idx_submissions_game on submissions(game_id);
create index if not exists idx_submissions_status on submissions(status);
create index if not exists idx_submissions_submitted on submissions(submitted_at);

create table if not exists user_progress (
  id integer generated by default as identity primary key,
  user_id integer not null references users(id) on delete cascade,
  game_id integer not null references games(id) on delete cascade,
  is_completed boolean default false,
  score numeric(8,2) default 0,
  attempts integer default 0,
  last_attempt_at timestamp default now(),
  completed_at timestamp,
  unique (user_id, game_id)
);

create index if not exists idx_user_progress_user on user_progress(user_id);
create index if not exists idx_user_progress_game on user_progress(game_id);
create index if not exists idx_user_progress_completed on user_progress(is_completed);

create table if not exists assignment_submissions (
  id integer generated by default as identity primary key,
  assignment_id integer not null references assignments(id) on delete cascade,
  student_id integer not null references users(id) on delete cascade,
  game_id integer not null references games(id) on delete cascade,
  code text not null,
  is_correct boolean default false,
  score integer default 0,
  execution_time integer,
  submitted_at timestamp default now()
);

create index if not exists idx_assignment_submissions_assignment on assignment_submissions(assignment_id);
create index if not exists idx_assignment_submissions_student on assignment_submissions(student_id);

create table if not exists rankings (
  id integer generated by default as identity primary key,
  assignment_id integer not null references assignments(id) on delete cascade,
  user_id integer not null references users(id) on delete cascade,
  best_score numeric(8,2) default 0,
  best_submission_id integer references submissions(id) on delete set null,
  total_attempts integer default 0,
  first_passed_at timestamp,
  rank_position integer,
  updated_at timestamp default now(),
  unique (assignment_id, user_id)
);

create index if not exists idx_rankings_rank on rankings(assignment_id, rank_position);

create table if not exists sessions (
  id integer generated by default as identity primary key,
  class_id integer not null references classes(id) on delete cascade,
  game_id integer not null references games(id) on delete restrict,
  title varchar(255) not null,
  description text,
  started_at timestamp default now(),
  closed_at timestamp,
  duration_minutes integer default 60,
  max_submissions integer,
  auto_close boolean default true,
  status varchar(50) default 'active'
    check (status in ('active', 'closed')),
  created_by integer not null references users(id) on delete restrict,
  total_submissions integer default 0,
  unique_submitters integer default 0,
  created_at timestamp default now(),
  updated_at timestamp default now()
);

create index if not exists idx_sessions_class on sessions(class_id);
create index if not exists idx_sessions_game on sessions(game_id);
create index if not exists idx_sessions_status on sessions(status);
create index if not exists idx_sessions_created_by on sessions(created_by);
create index if not exists idx_sessions_active on sessions(status, closed_at);

create table if not exists session_submissions (
  id integer generated by default as identity primary key,
  session_id integer not null references sessions(id) on delete cascade,
  user_id integer not null references users(id) on delete cascade,
  code text not null,
  score numeric(8,2) default 0,
  passed_tests integer default 0,
  total_tests integer default 0,
  is_correct boolean default false,
  execution_time integer,
  error_message text,
  attempt_number integer default 1,
  submitted_at timestamp default now()
);

create index if not exists idx_session_submissions_session on session_submissions(session_id);
create index if not exists idx_session_submissions_user on session_submissions(user_id);
create index if not exists idx_session_submissions_correct on session_submissions(session_id, is_correct);

create table if not exists lesson_sessions (
  id integer generated by default as identity primary key,
  lesson_id integer not null references lessons(id) on delete cascade,
  game_id integer references games(id) on delete set null,
  session_code varchar(20) not null unique,
  created_by integer not null references users(id) on delete cascade,
  is_active boolean default true,
  expires_at timestamp not null,
  created_at timestamp default now()
);

create index if not exists idx_lesson_sessions_lesson on lesson_sessions(lesson_id);
create index if not exists idx_lesson_sessions_code on lesson_sessions(session_code);

create table if not exists contests (
  id integer generated by default as identity primary key,
  title varchar(255) not null,
  description text,
  contest_code varchar(10) unique,
  class_id integer references classes(id) on delete set null,
  game_id integer references games(id) on delete restrict,
  course_id integer references courses(id) on delete set null,
  lesson_id integer references lessons(id) on delete set null,
  created_by integer not null references users(id) on delete restrict,
  open_all_games boolean default false,
  start_time timestamp,
  end_time timestamp,
  result_announce_time timestamp,
  show_ranking boolean default true,
  allow_resubmit boolean default true,
  max_attempts integer,
  max_submissions integer default 10,
  allow_late_submission boolean default false,
  late_penalty_percent numeric(5,2) default 20,
  show_leaderboard boolean default true,
  show_leaderboard_scores boolean default false,
  prizes jsonb,
  status varchar(50) default 'draft'
    check (status in ('draft', 'active', 'closed', 'published', 'ongoing', 'ended', 'archived')),
  total_participants integer default 0,
  total_submissions integer default 0,
  created_at timestamp default now(),
  updated_at timestamp default now()
);

create index if not exists idx_contests_creator on contests(created_by);
create index if not exists idx_contests_class on contests(class_id);
create index if not exists idx_contests_status on contests(status);
create index if not exists idx_contests_code on contests(contest_code);
create index if not exists idx_contests_time on contests(start_time, end_time);

create table if not exists contest_games (
  id integer generated by default as identity primary key,
  contest_id integer not null references contests(id) on delete cascade,
  game_id integer not null references games(id) on delete cascade,
  is_active boolean default true,
  sort_order integer default 0,
  points integer default 100,
  created_at timestamp default now(),
  unique (contest_id, game_id)
);

create index if not exists idx_contest_games_contest on contest_games(contest_id);
create index if not exists idx_contest_games_game on contest_games(game_id);
create index if not exists idx_contest_games_order on contest_games(contest_id, sort_order);

create table if not exists contest_submissions (
  id integer generated by default as identity primary key,
  contest_id integer not null references contests(id) on delete cascade,
  game_id integer not null references games(id) on delete cascade,
  user_id integer not null references users(id) on delete cascade,
  code text not null,
  score numeric(8,2) default 0,
  passed_tests integer default 0,
  total_tests integer default 0,
  is_correct boolean default false,
  execution_time integer,
  is_late boolean default false,
  final_score numeric(8,2) default 0,
  status varchar(50) default 'pending'
    check (status in ('pending', 'running', 'passed', 'failed', 'error')),
  error_message text,
  attempt_number integer default 1,
  submitted_at timestamp default now(),
  graded_at timestamp
);

create index if not exists idx_contest_submissions_contest on contest_submissions(contest_id);
create index if not exists idx_contest_submissions_game on contest_submissions(contest_id, game_id);
create index if not exists idx_contest_submissions_user on contest_submissions(user_id);
create index if not exists idx_contest_submissions_score on contest_submissions(contest_id, user_id, score desc);

create table if not exists contest_rankings (
  id integer generated by default as identity primary key,
  contest_id integer not null references contests(id) on delete cascade,
  user_id integer not null references users(id) on delete cascade,
  total_score numeric(8,2) default 0,
  games_completed integer default 0,
  total_games integer default 0,
  total_attempts integer default 0,
  best_submission_time timestamp,
  rank_position integer,
  best_score numeric(8,2) default 0,
  best_submission_id integer references contest_submissions(id) on delete set null,
  first_submission_at timestamp,
  best_submission_at timestamp,
  updated_at timestamp default now(),
  unique (contest_id, user_id)
);

create index if not exists idx_contest_rankings_rank on contest_rankings(contest_id, rank_position);
create index if not exists idx_contest_rankings_score on contest_rankings(contest_id, total_score desc);

create table if not exists notifications (
  id integer generated by default as identity primary key,
  user_id integer not null references users(id) on delete cascade,
  type varchar(50) not null check (type in ('assignment', 'grade', 'class', 'system')),
  title varchar(255) not null,
  message text,
  link varchar(500),
  is_read boolean default false,
  created_at timestamp default now()
);

create index if not exists idx_notifications_user on notifications(user_id, is_read);
create index if not exists idx_notifications_created on notifications(created_at desc);

create table if not exists activity_log (
  id integer generated by default as identity primary key,
  user_id integer references users(id) on delete cascade,
  action varchar(100) not null,
  entity_type varchar(50),
  entity_id integer,
  details jsonb,
  ip_address varchar(45),
  created_at timestamp default now()
);

create index if not exists idx_activity_user on activity_log(user_id);
create index if not exists idx_activity_action on activity_log(action);
create index if not exists idx_activity_created on activity_log(created_at desc);

create table if not exists settings (
  id integer generated by default as identity primary key,
  setting_key varchar(100) unique not null,
  setting_value text,
  description varchar(255),
  updated_by integer references users(id) on delete set null,
  updated_at timestamp default now()
);

drop trigger if exists trg_users_updated_at on users;
create trigger trg_users_updated_at before update on users for each row execute function set_updated_at();
drop trigger if exists trg_courses_updated_at on courses;
create trigger trg_courses_updated_at before update on courses for each row execute function set_updated_at();
drop trigger if exists trg_topics_updated_at on topics;
create trigger trg_topics_updated_at before update on topics for each row execute function set_updated_at();
drop trigger if exists trg_lessons_updated_at on lessons;
create trigger trg_lessons_updated_at before update on lessons for each row execute function set_updated_at();
drop trigger if exists trg_games_updated_at on games;
create trigger trg_games_updated_at before update on games for each row execute function set_updated_at();
drop trigger if exists trg_classes_updated_at on classes;
create trigger trg_classes_updated_at before update on classes for each row execute function set_updated_at();
drop trigger if exists trg_class_course_settings_updated_at on class_course_settings;
create trigger trg_class_course_settings_updated_at before update on class_course_settings for each row execute function set_updated_at();
drop trigger if exists trg_assignments_updated_at on assignments;
create trigger trg_assignments_updated_at before update on assignments for each row execute function set_updated_at();
drop trigger if exists trg_sessions_updated_at on sessions;
create trigger trg_sessions_updated_at before update on sessions for each row execute function set_updated_at();
drop trigger if exists trg_contests_updated_at on contests;
create trigger trg_contests_updated_at before update on contests for each row execute function set_updated_at();
drop trigger if exists trg_rankings_updated_at on rankings;
create trigger trg_rankings_updated_at before update on rankings for each row execute function set_updated_at();
drop trigger if exists trg_contest_rankings_updated_at on contest_rankings;
create trigger trg_contest_rankings_updated_at before update on contest_rankings for each row execute function set_updated_at();
drop trigger if exists trg_settings_updated_at on settings;
create trigger trg_settings_updated_at before update on settings for each row execute function set_updated_at();

create or replace view v_class_stats as
select
  c.id as class_id,
  c.name as class_name,
  c.code as class_code,
  u.full_name as teacher_name,
  count(distinct cm.user_id) as student_count,
  count(distinct ca.course_id) as course_count,
  count(distinct a.id) as assignment_count
from classes c
left join users u on c.teacher_id = u.id
left join class_members cm on c.id = cm.class_id and cm.status = 'active'
left join course_access ca on c.id = ca.class_id and ca.is_active = true
left join assignments a on c.id = a.class_id and a.status = 'published'
where c.status = 'active'
group by c.id, c.name, c.code, u.full_name;

create or replace view v_assignment_leaderboard as
select
  r.assignment_id,
  r.user_id,
  u.full_name,
  u.username,
  r.best_score,
  r.total_attempts,
  r.first_passed_at,
  r.rank_position
from rankings r
join users u on r.user_id = u.id;

-- Seed data from pylearnarena.sql. Safe to re-run.
insert into users (id, username, password, email, full_name, role, created_at, updated_at)
values
  (2, 'student1', '$2b$10$lDSZBZhXtl3jPznaQspXlOgJAXttBGBW5YwBuOd6ThLUhYJNcHncO', 'student1@pylearn.com', 'Học Viên 1', 'student', '2026-01-18 23:24:43', '2026-01-31 01:04:17'),
  (5, 'admin', '$2b$10$lDSZBZhXtl3jPznaQspXlOgJAXttBGBW5YwBuOd6ThLUhYJNcHncO', 'admin@pylearn.com', 'Administrator', 'admin', '2026-01-24 21:15:27', '2026-01-31 01:04:17'),
  (6, 'hongkhanh', '$2b$10$3G7Elwtrpf3n7w1XChuXG.JdYdiOXLGChyyKJBKMSjJZP3GgO4uIi', 'hongkhanh204@gmail.com', 'Hồng Khánh', 'student', '2026-01-31 01:13:47', '2026-01-31 01:13:47'),
  (7, 'cokhanh', '$2b$10$vW5HYzyr.4heti5nCx28t.YmyF5qRcV0XcvuLPV/dCLSd8DNeOKXW', 'hkn@gmail.com', 'Cô Khánh', 'teacher', '2026-02-02 10:28:23', '2026-02-02 10:28:23'),
  (8, 'namnguyen', '$2b$10$YLLA1QuNo70YYZGY.YQ7aO5eZW0GZjfaaMunTK4l5eZbjLKZpedC.', 'nguyennam@gmail.com', 'Nguyễn Nam', 'student', '2026-02-02 12:39:19', '2026-02-02 12:39:19'),
  (10, 'teststudent', '$2b$10$j/IA.j5hMh1g8/k0SZFFV.WW/.yhpunbq/xl7Il729ud8oeImhKu.', 'student@test.com', 'Test Student', 'student', '2026-02-02 14:24:45', '2026-02-02 14:24:45'),
  (11, 'student', '$2b$10$F3/KaHKbVxQgRKRBJEqybuSvrqXAJHf6BkSz/sa./Ryl3KQw2.1eS', 'hstest@gmail.com', 'HS test 1', 'student', '2026-02-02 16:55:35', '2026-02-02 16:55:35'),
  (13, 'thaydung', '$2b$10$OYf7QCIpPqX.ZWsOHl6Mferi9jAGYKhqDBEEKaw1NyteTfoE1ro0i', 'kydung204@gmail.com', 'Kỳ Dũng', 'teacher', '2026-02-08 21:53:09', '2026-02-08 21:53:09')
on conflict (id) do nothing;

insert into courses (id, slug, title, description, thumbnail, difficulty, level, is_published, status, created_at, updated_at)
values
  (1, 'python-basics', 'Tin học 10 - Kết nối tri thức', 'Khóa học Python cho học sinh lớp 10 sách kết nối tri thức', null, 'beginner', 'beginner', true, 'published', '2026-01-18 23:24:43', '2026-02-02 10:30:55')
on conflict (id) do nothing;

insert into topics (id, course_id, slug, title, description, order_num, created_at, updated_at)
values
  (1, 1, 'chapter-1', 'Chủ đề 5: GIẢI QUYẾT VẤN ĐỀ VỚI SỰ TRỢ GIÚP CỦA MÁY TÍNH', '', 1, '2026-01-18 23:24:43', '2026-02-02 10:31:57')
on conflict (id) do nothing;

insert into lessons (id, topic_id, slug, title, description, summary, duration_minutes, order_num, created_at, updated_at)
values
  (1, 1, 't10-cd-b12', 'Bài 25: Một số lệnh làm việc với xâu kí tự', 'Một số lệnh thường dùng với xâu kí tự', 'Thao tác chuỗi cơ bản', 12, 1, '2026-01-18 23:24:43', '2026-02-02 10:33:46')
on conflict (id) do nothing;

insert into games (id, lesson_id, slug, title, description, path, order_num, created_at, updated_at)
values
  (1, 1, 't10-cd-b12-id1', 'Game 1: Đảo ngược chuỗi', 'Viết hàm đảo ngược chuỗi', 'python-basics/chapter-1/t10-cd-b12/id1', 1, '2026-01-18 23:24:43', '2026-01-19 01:07:46'),
  (2, 1, 't10-cd-b12-id2', 'Game 2: Đếm ký tự', 'Đếm số lần xuất hiện của ký tự', 'python-basics/chapter-1/t10-cd-b12/id2', 2, '2026-01-18 23:24:43', '2026-01-19 01:07:46'),
  (5, 1, 't10-cd-b12-id3', 'Game 3: Cuộc đua vượt chướng ngại vật', 'Hãy giúp cá mập nhỏ chiến thắng cuộc đua nhé', 'python-basics/chapter-1/t10-cd-b12/id3', 3, '2026-01-19 02:09:58', '2026-02-09 19:54:45')
on conflict (id) do nothing;

insert into classes (id, code, name, description, teacher_id, school_year, grade, max_students, status, created_at, updated_at)
values
  (1, 'XM1GMXQE', '10A3', 'ict', 5, '2025-2026', '10', 50, 'active', '2026-02-01 22:55:38', '2026-02-01 22:55:38'),
  (3, 'ESTR_QD6', '10A3', 'cs', 7, '2026', '10', 40, 'active', '2026-02-02 12:38:51', '2026-02-02 12:38:51'),
  (4, '6GUSTLWY', '10A2', '', 7, '2026', '10', 40, 'active', '2026-02-02 12:39:33', '2026-02-02 12:39:33')
on conflict (id) do nothing;

insert into class_members (id, class_id, user_id, joined_at, status)
values
  (2, 4, 8, '2026-02-02 14:02:55', 'active'),
  (3, 4, 10, '2026-02-02 14:25:10', 'active'),
  (4, 4, 11, '2026-02-02 16:55:36', 'active'),
  (5, 4, 2, '2026-02-02 17:18:26', 'active'),
  (6, 4, 6, '2026-02-02 17:18:26', 'active'),
  (11, 4, 13, '2026-02-08 21:53:09', 'active')
on conflict (id) do nothing;

insert into course_access (id, class_id, course_id, granted_at)
values
  (10, 4, 1, '2026-02-02 18:48:06')
on conflict (id) do nothing;

insert into course_content_access (id, class_id, course_id, content_type, content_id, is_unlocked, unlocked_by, unlocked_at, created_at)
values
  (47, 4, 1, 'topic', '1', true, 7, '2026-02-02 11:50:17', '2026-02-02 11:41:04'),
  (50, 4, 1, 'lesson', '1', false, null, null, '2026-02-02 11:48:06')
on conflict (id) do nothing;

insert into sessions (id, class_id, game_id, title, description, started_at, closed_at, duration_minutes, max_submissions, auto_close, status, created_by, total_submissions, unique_submitters, created_at, updated_at)
values
  (3, 4, 5, 'Test Session', 'Test session for debugging', '2026-02-02 07:24:28', null, 60, null, true, 'active', 5, 1, 1, '2026-02-02 07:24:28', '2026-02-02 07:40:29'),
  (5, 4, 5, 'Bài luyện tập str', null, '2026-02-02 10:01:04', null, 60, null, true, 'active', 7, 0, 0, '2026-02-02 10:01:04', '2026-02-02 10:01:04')
on conflict (id) do nothing;

insert into session_submissions (id, session_id, user_id, code, score, passed_tests, total_tests, is_correct, execution_time, error_message, attempt_number, submitted_at)
values
  (1, 3, 8, '# Đọc chuỗi chướng ngại vật
obstacles = input()

# Tách chuỗi thành list
items = obstacles.split("-")

# Tạo list hành động
actions = []
for item in items:
    if item == "duongdi":
        actions.append("chay")
    elif item == "vatcan":
        actions.append("nhay")

# Ghép và in kết quả
result = "-".join(actions)
print(result)', 0, 0, 0, false, null, null, 1, '2026-02-02 07:40:29')
on conflict (id) do nothing;

insert into settings (setting_key, setting_value, description)
values
  ('allow_self_registration', 'false', 'Cho phép học sinh tự đăng ký'),
  ('default_max_students', '50', 'Số học sinh tối đa mỗi lớp'),
  ('submission_timeout', '30000', 'Timeout chạy code (ms)'),
  ('max_code_length', '20000', 'Độ dài code tối đa'),
  ('site_name', 'PyLearn Arena', 'Tên website'),
  ('maintenance_mode', 'false', 'Chế độ bảo trì')
on conflict (setting_key) do nothing;

select setval(pg_get_serial_sequence('users', 'id'), greatest((select coalesce(max(id), 1) from users), 1), true);
select setval(pg_get_serial_sequence('courses', 'id'), greatest((select coalesce(max(id), 1) from courses), 1), true);
select setval(pg_get_serial_sequence('topics', 'id'), greatest((select coalesce(max(id), 1) from topics), 1), true);
select setval(pg_get_serial_sequence('lessons', 'id'), greatest((select coalesce(max(id), 1) from lessons), 1), true);
select setval(pg_get_serial_sequence('games', 'id'), greatest((select coalesce(max(id), 1) from games), 1), true);
select setval(pg_get_serial_sequence('classes', 'id'), greatest((select coalesce(max(id), 1) from classes), 1), true);
select setval(pg_get_serial_sequence('class_members', 'id'), greatest((select coalesce(max(id), 1) from class_members), 1), true);
select setval(pg_get_serial_sequence('course_access', 'id'), greatest((select coalesce(max(id), 1) from course_access), 1), true);
select setval(pg_get_serial_sequence('course_content_access', 'id'), greatest((select coalesce(max(id), 1) from course_content_access), 1), true);
select setval(pg_get_serial_sequence('sessions', 'id'), greatest((select coalesce(max(id), 1) from sessions), 1), true);
select setval(pg_get_serial_sequence('session_submissions', 'id'), greatest((select coalesce(max(id), 1) from session_submissions), 1), true);
select setval(pg_get_serial_sequence('user_progress', 'id'), greatest((select coalesce(max(id), 1) from user_progress), 1), true);
